id,code,name,agency,lat,lon,tc,tambon,amphoe,province,bank_msl,warning_msl,critical_msl
1093079,CHAU01,คลองชะอวด,สถาบันสารสนเทศทรัพยากรน้ำ (องค์การมหาชน),7.96636,99.99436,TH800701,ชะอวด,ชะอวด,นครศรีธรรมราช,24.22,,
2635,X.265,หน้าวัดภูผาพิมุข,กรมชลประทาน ,7.61689,100.078903,TH930101,คูหาสวรรค์,เมืองพัทลุง,พัทลุง,8.0,,
901,PAT002,เมืองยะลา,สถาบันสารสนเทศทรัพยากรน้ำ (องค์การมหาชน),6.67525,101.286354,TH950118,ตาเซะ,เมืองยะลา,ยะลา,13.85,,
859,SLA005,ปากรอ,สถาบันสารสนเทศทรัพยากรน้ำ (องค์การมหาชน),7.261514,100.42447,TH901507,ปากรอ,สิงหนคร,สงขลา,0.97,,
1161516,X.176,บ้านหาดทรายแก้ว ,กรมชลประทาน ,8.42915,99.508362,TH800401,ฉวาง,ฉวาง,นครศรีธรรมราช,27.2,,
1130137,MOU510,น้ำตกโตนแพรทอง,มูลนิธิอาสาเพื่อนพึ่ง (ภาฯ) ยามยาก สภากาชาดไทย,7.48407,99.89179,TH930201,กงหรา,กงหรา,พัทลุง,399.5,,
1095877,X.77,บ้านหัวสะพาน,กรมชลประทาน ,6.1525,101.080902,TH950302,บาเจาะ,บันนังสตา,ยะลา,40.3,,
1373691,PTTEP3,สะพานนางพระยา-บางหลวง ชุมชนปากนคร,สถาบันสารสนเทศทรัพยากรน้ำ (องค์การมหาชน),8.438141,100.0304,TH800107,ปากนคร,เมืองนครศรีธรรมร,นครศรีธรรมราช,0.73,,
1109526,ONE037,สะพานข้ามคลองอู่ตะเภา,สถาบันสารสนเทศทรัพยากรน้ำ (องค์การมหาชน),7.134997,100.45321,TH901103,คูเต่า,หาดใหญ่,สงขลา,0.84,,
726673,X.67A,บ้านนาสีทอง,กรมชลประทาน ,7.10502,100.193932,TH900909,เขาพระ,รัตภูมิ,สงขลา,39.92,,
905,PAT001,บันนังสตา,สถาบันสารสนเทศทรัพยากรน้ำ (องค์การมหาชน),6.262041,101.268036,TH950301,บันนังสตา,บันนังสตา,ยะลา,38.35,,
740740,FOP039,สะพานท่าสำเภา,มูลนิธิอาสาเพื่อนพึ่ง (ภาฯ) ยามยาก สภากาชาดไทย,7.729605,100.10799,TH930113,ชัยบุรี,เมืองพัทลุง,พัทลุง,1.33,,
740742,FOP041,คลองสุหงาบารู หมู่ที่ 4,มูลนิธิอาสาเพื่อนพึ่ง (ภาฯ) ยามยาก สภากาชาดไทย,6.737094,101.27308,TH941009,คลองใหม่,ยะรัง,ปัตตานี,6.76,,
792,NKO002,เชียรใหญ่,สถาบันสารสนเทศทรัพยากรน้ำ (องค์การมหาชน),8.089498,100.12784,TH800611,การะเกด,เชียรใหญ่,นครศรีธรรมราช,3.32,,
1109513,ONE024,สะพานข้ามคลองบางม่วง,สถาบันสารสนเทศทรัพยากรน้ำ (องค์การมหาชน),7.365284,100.27959,TH930605,ฝาละมี,ปากพะยูน,พัทลุง,1.16,,
2597,X.170,บ้านคลองลำ,กรมชลประทาน ,7.55901,99.987556,TH930112,ร่มเมือง,เมืองพัทลุง,พัทลุง,25.2,,
13892,SWR025,ฝายคลองท่าเลา,สถาบันสารสนเทศทรัพยากรน้ำ (องค์การมหาชน),8.232547,99.70778,TH800906,นาหลวงเสน,ทุ่งสง,นครศรีธรรมราช,123.81,,
1109514,ONE025,สะพานข้ามคลองลำปำ,สถาบันสารสนเทศทรัพยากรน้ำ (องค์การมหาชน),7.62273,100.146835,TH930109,ลำปำ,เมืองพัทลุง,พัทลุง,1.37,,
1087618,X.273,บ้านปายอยือนิ ,กรมชลประทาน ,6.47977,101.44474,TH950616,ตะโล๊ะหะลอ,รามัน,ยะลา,16.5,,
12481,STU002,ละงู,สถาบันสารสนเทศทรัพยากรน้ำ (องค์การมหาชน),6.885757,99.804344,TH910502,ละงู,ละงู,สตูล,4.22,,
740739,FOP038,สะพานบ้านแหลมโตนด,มูลนิธิอาสาเพื่อนพึ่ง (ภาฯ) ยามยาก สภากาชาดไทย,7.817578,100.047485,TH930506,แหลมโตนด,ควนขนุน,พัทลุง,3.94,,
1109525,ONE036,สะพานเทพาสันติสุข,สถาบันสารสนเทศทรัพยากรน้ำ (องค์การมหาชน),6.825135,100.972626,TH900501,เทพา,เทพา,สงขลา,2.43,,
1109528,ONE039,สะพานข้ามคลองระโนด,สถาบันสารสนเทศทรัพยากรน้ำ (องค์การมหาชน),7.769855,100.30203,TH900701,ระโนด,ระโนด,สงขลา,1.18,,
861,STU001,เมืองสตูล,สถาบันสารสนเทศทรัพยากรน้ำ (องค์การมหาชน),6.726527,100.06259,TH910105,ฉลุง,เมืองสตูล,สตูล,15.28,,
794,NPI001,ท่าศาลา,สถาบันสารสนเทศทรัพยากรน้ำ (องค์การมหาชน),8.786868,99.911316,TH800806,สระแก้ว,ท่าศาลา,นครศรีธรรมราช,3.54,,
2585,X.173A,บ้านม่วงก็อง,กรมชลประทาน ,6.79663,100.442337,TH901003,พังลา,สะเดา,สงขลา,16.13,,
2590,X.174,บ้านคลองหวะ,กรมชลประทาน ,6.98637,100.481857,TH901104,คอหงส์,หาดใหญ่,สงขลา,8.88,,
858,SLA007,บางกล่ำ,สถาบันสารสนเทศทรัพยากรน้ำ (องค์การมหาชน),7.079418,100.42788,TH901402,ท่าช้าง,บางกล่ำ,สงขลา,1.59,,
1109527,ONE038,สะพานสวนเฉลิมพระเกียรติ 72 พรรษามหาราชินี,สถาบันสารสนเทศทรัพยากรน้ำ (องค์การมหาชน),7.182746,100.59448,TH901509,หัวเขา,สิงหนคร,สงขลา,0.9,,
726653,X.167,บ้านเสาธง,กรมชลประทาน ,8.2801,99.906487,TH801303,เสาธง,ร่อนพิบูลย์,นครศรีธรรมราช,11.95,,
1129758,FOP072,ฝายคลองท่าโลน,มูลนิธิอาสาเพื่อนพึ่ง (ภาฯ) ยามยาก สภากาชาดไทย,8.218343,99.71981,TH800911,ถ้ำใหญ่,ทุ่งสง,นครศรีธรรมราช,96.75,,
1109524,ONE035,สะพานข้ามคลองเทพา,สถาบันสารสนเทศทรัพยากรน้ำ (องค์การมหาชน),6.534085,100.963394,TH900605,จะแหน,สะบ้าย้อย,สงขลา,19.7,,
850,JNA002,นาทวี,สถาบันสารสนเทศทรัพยากรน้ำ (องค์การมหาชน),6.738124,100.69319,TH900401,นาทวี,นาทวี,สงขลา,22.71,,
726656,X.243,บ้านควนกลาง (1),กรมชลประทาน ,8.555,99.569283,TH800502,กะทูน,พิปูน,นครศรีธรรมราช,43.58,,
855,SLA003,สะเดา,สถาบันสารสนเทศทรัพยากรน้ำ (องค์การมหาชน),6.796687,100.44239,TH901006,ท่าโพธิ์,สะเดา,สงขลา,16.59,,
562799,BLGTD01,สะพานท้ายเขื่อนบางลาง อ.บันนังสตา จ.ยะลา,การไฟฟ้าฝ่ายผลิตแห่งประเทศไทย,6.160477,101.276104,TH950302,บาเจาะ,บันนังสตา,ยะลา,48.68,,
2583,X.40A,บ้านท่าสาบ,กรมชลประทาน ,6.552798,101.266294,TH950101,สะเตง,เมืองยะลา,ยะลา,16.5,,16.5
709863,BLGTD03,สะพานท่าสาป อ.เมือง จ.ยะลา,การไฟฟ้าฝ่ายผลิตแห่งประเทศไทย,6.552715,101.266197,TH950101,สะเตง,เมืองยะลา,ยะลา,17.29,16.0,
2563,X.68,บ้านท่าแค,กรมชลประทาน ,7.56871,100.0485,TH930108,ท่าแค,เมืองพัทลุง,พัทลุง,15.6,,
2589,X.90,บ้านบางศาลา,กรมชลประทาน ,6.93124,100.439857,TH901116,บ้านพรุ,หาดใหญ่,สงขลา,9.34,,
860,SLA002,คลองหอยโข่ง,สถาบันสารสนเทศทรัพยากรน้ำ (องค์การมหาชน),6.931234,100.43985,TH901602,ทุ่งลาน,คลองหอยโข่ง,สงขลา,9.34,,
740736,FOP035,สะพานข้ามคลองวังเคียน,มูลนิธิอาสาเพื่อนพึ่ง (ภาฯ) ยามยาก สภากาชาดไทย,7.954553,99.896324,TH800705,วังอ่าง,ชะอวด,นครศรีธรรมราช,16.05,,
2639,X.203,บ้านนาป่า,กรมชลประทาน ,8.39629,99.920143,TH800113,ไชยมนตรี,เมืองนครศรีธรรมร,นครศรีธรรมราช,10.5,,10.8
1095881,X.279,บ้านปันจอร์,กรมชลประทาน ,6.77741,100.071487,TH910203,ย่านซื่อ,ควนโดน,สตูล,23.2,,
2591,X.44,บ้านหาดใหญ่ใน,กรมชลประทาน ,7.00218,100.456062,TH901101,หาดใหญ่,หาดใหญ่,สงขลา,7.15,,7.44
12483,NKO003,ถ้ำพรรณรา,สถาบันสารสนเทศทรัพยากรน้ำ (องค์การมหาชน),8.391227,99.39519,TH801801,ถ้ำพรรณรา,ถ้ำพรรณรา,นครศรีธรรมราช,20.85,,
1373689,PTTEP4,สะพานคลองปากแตระ ชุมชนทะเลสาบสงขลา,สถาบันสารสนเทศทรัพยากรน้ำ (องค์การมหาชน),7.779112,100.36791,TH900707,ปากแตระ,ระโนด,สงขลา,1.25,,
12349,STU004,ควนกาหลง,สถาบันสารสนเทศทรัพยากรน้ำ (องค์การมหาชน),6.928349,99.936035,TH910303,อุไดเจริญ,ควนกาหลง,สตูล,26.04,,
2644,X.149,บ้านท้า่ยนา,กรมชลประทาน ,8.73097,99.746094,TH802101,นบพิตำ,นบพิตำ,นครศรีธรรมราช,32.85,,
726684,X.275,บ้านบริดอ,กรมชลประทาน ,6.82152,101.244888,TH940112,บาราเฮาะ,เมืองปัตตานี,ปัตตานี,2.0,,
562796,BLGTU02,สะพานบ้าน กม.29 อ.เบตง จ.ยะลา,การไฟฟ้าฝ่ายผลิตแห่งประเทศไทย,5.920578,101.182086,TH950204,อัยเยอร์เวง,เบตง,ยะลา,120.37,,
2584,X.239,บ้านฉลุงเหนือ,กรมชลประทาน ,6.72662,100.062737,TH910105,ฉลุง,เมืองสตูล,สตูล,16.2,,
1095878,X.283,บ้านปรีกี,กรมชลประทาน ,6.715493,101.285399,TH941008,กระโด,ยะรัง,ปัตตานี,10.0,,
1126506,PLG001,สะพานข้ามคลองบ้านท่าวัง,สถาบันสารสนเทศทรัพยากรน้ำ (องค์การมหาชน),7.37654,100.10043,TH930903,โคกสัก,บางแก้ว,พัทลุง,22.21,,
870,MDC005,คลองนาท่อม,สถาบันสารสนเทศทรัพยากรน้ำ (องค์การมหาชน),7.558824,99.98739,TH930112,ร่มเมือง,เมืองพัทลุง,พัทลุง,29.28,,
2561,X.150,บ้านวังพระเคียน,กรมชลประทาน ,6.94082,99.872917,TH910702,นิคมพัฒนา,มะนัง,สตูล,12.8,,
999405,X.289,วัดถลุงทอง อำเภอร่อนพิบูลย์ ,กรมชลประทาน ,8.3062,99.859917,TH801302,หินตก,ร่อนพิบูลย์,นครศรีธรรมราช,19.5,,
2594,X.267,บ้านแม่ขรี,กรมชลประทาน ,7.33842,100.109978,TH930401,แม่ขรี,ตะโหมด,พัทลุง,26.52,,
12474,STU003,มะนัง,สถาบันสารสนเทศทรัพยากรน้ำ (องค์การมหาชน),6.940811,99.872925,TH910702,นิคมพัฒนา,มะนัง,สตูล,12.88,,
1101569,FOP058,บ้านใต้,มูลนิธิอาสาเพื่อนพึ่ง (ภาฯ) ยามยาก สภากาชาดไทย,8.178368,99.70351,TH800906,นาหลวงเสน,ทุ่งสง,นครศรีธรรมราช,62.75,,
1109512,ONE023,สะพานข้ามคลองท่าแพ,สถาบันสารสนเทศทรัพยากรน้ำ (องค์การมหาชน),8.166437,99.704285,TH800901,ปากแพรก,ทุ่งสง,นครศรีธรรมราช,60.86,,
562802,BLGTD04,อาคารสูบน้ำดิบ กปภ. อ.ยะหา จ.ยะลา,การไฟฟ้าฝ่ายผลิตแห่งประเทศไทย,6.47481,101.139521,TH950504,บาโร๊ะ,ยะหา,ยะลา,26.9,,
562800,BLGTD02,สะพานหัวสะพาน อ.บันนังสตา จ.ยะลา,การไฟฟ้าฝ่ายผลิตแห่งประเทศไทย,6.262132,101.268237,TH950302,บาเจาะ,บันนังสตา,ยะลา,40.3,,
1095875,X.113,บ้านทุ่งปราบ,กรมชลประทาน ,6.63504,100.39341,TH901001,สะเดา,สะเดา,สงขลา,36.48,,
1095876,X.276,บ้านเขาปู่,กรมชลประทาน ,7.70724,99.841743,TH930702,เขาปู่,ศรีบรรพต,พัทลุง,53.9,,
1130124,MOU493,สะพานคลองปง (คีรีวง),มูลนิธิอาสาเพื่อนพึ่ง (ภาฯ) ยามยาก สภากาชาดไทย,8.43379,99.78328,TH800304,กำโลน,ลานสกา,นครศรีธรรมราช,48.42,,
726680,X.240,บ้านหูแร่,กรมชลประทาน ,6.98306,100.328331,TH901112,ทุ่งตำเสา,หาดใหญ่,สงขลา,23.1,,
795,NKO001,ทุ่งสง,สถาบันสารสนเทศทรัพยากรน้ำ (องค์การมหาชน),8.174942,99.67887,TH800901,ปากแพรก,ทุ่งสง,นครศรีธรรมราช,55.2,,
1101568,FOP057,บ้านประดู่,มูลนิธิอาสาเพื่อนพึ่ง (ภาฯ) ยามยาก สภากาชาดไทย,8.212035,99.703316,TH800906,นาหลวงเสน,ทุ่งสง,นครศรีธรรมราช,70.41,,
2641,X.200,บ้านวังไทร,กรมชลประทาน ,8.40836,99.797852,TH800304,กำโลน,ลานสกา,นครศรีธรรมราช,35.2,,
1120557,MOU494,สะพานบ้านคีรีวง คลองท่าดี,มูลนิธิอาสาเพื่อนพึ่ง (ภาฯ) ยามยาก สภากาชาดไทย,8.432906,99.782646,TH800304,กำโลน,ลานสกา,นครศรีธรรมราช,46.31,,
740737,FOP036,สะพานห้วยน้ำใส,มูลนิธิอาสาเพื่อนพึ่ง (ภาฯ) ยามยาก สภากาชาดไทย,7.889575,99.87421,TH800708,เกาะขันธ์,ชะอวด,นครศรีธรรมราช,35.29,,
740738,FOP037,สะพานข้ามคลองห้วยกรวด,มูลนิธิอาสาเพื่อนพึ่ง (ภาฯ) ยามยาก สภากาชาดไทย,7.8768,99.93328,TH800708,เกาะขันธ์,ชะอวด,นครศรีธรรมราช,20.52,,
849,JNA001,จะนะ,สถาบันสารสนเทศทรัพยากรน้ำ (องค์การมหาชน),6.916742,100.72962,TH900301,บ้านนา,จะนะ,สงขลา,4.75,,
1120554,MOU454,คลองเบตง (ชุมชนกุนุงจนอง),มูลนิธิอาสาเพื่อนพึ่ง (ภาฯ) ยามยาก สภากาชาดไทย,5.785312,101.058685,TH950201,เบตง,เบตง,ยะลา,286.43,,
740746,FOP045,สะพานข้ามแม่น้ำปัตตานี,มูลนิธิอาสาเพื่อนพึ่ง (ภาฯ) ยามยาก สภากาชาดไทย,6.411704,101.27776,TH950801,กรงปินัง,กรงปินัง,ยะลา,25.13,,
562803,BLGTD05,สะพานเมืองปัตตานี อ.เมือง จ.ปัตตานี,การไฟฟ้าฝ่ายผลิตแห่งประเทศไทย,6.859914,101.251309,TH940103,จะบังติกอ,เมืองปัตตานี,ปัตตานี,1.15,,
2587,X.10A,สะพานเดชานุชิต,กรมชลประทาน ,6.866,101.252129,TH940102,อาเนาะรู,เมืองปัตตานี,ปัตตานี,1.15,,1.15
505072,X.231A,ชุมชนประชาบำรุง,กรมชลประทาน ,6.87577,99.782639,TH910502,ละงู,ละงู,สตูล,3.0,,3.0
562808,BLGTU05,เขื่อนบางลาง อ.บันนังสตา จ.ยะลา,การไฟฟ้าฝ่ายผลิตแห่งประเทศไทย,6.153667,101.273116,TH950306,เขื่อนบางลาง,บันนังสตา,ยะลา,,,
562804,BLGTU06,ฝายละแอ อ.บันนังสตา จ.ยะลา,การไฟฟ้าฝ่ายผลิตแห่งประเทศไทย,6.143055,101.309167,TH950306,เขื่อนบางลาง,บันนังสตา,ยะลา,,,
1094448,TADE01,โรงเรียนวัดโคกโพธิ์สถิตย์,สถาบันสารสนเทศทรัพยากรน้ำ (องค์การมหาชน),8.40118,99.802,TH800304,กำโลน,ลานสกา,นครศรีธรรมราช,28.66,,
