datetime,value,discharge
2025-10-09 06:00,21.84,1.44
2025-10-10 06:00,21.85,1.5
2025-10-12 06:00,21.85,1.5
2025-10-13 06:00,21.85,1.5
2025-10-14 06:00,21.85,1.5
2025-10-15 06:00,21.85,1.5
2025-10-16 06:00,21.85,1.5
2025-10-17 06:00,21.85,1.5
2025-10-18 06:00,21.870001,1.62
2025-10-19 06:00,21.889999,1.74
2025-10-20 06:00,21.91,1.86
2025-10-21 06:00,21.950001,2.1
2025-10-22 06:00,22.0,2.4
2025-10-23 06:00,21.93,1.98
2025-11-01 06:00,21.959999,2.16
2025-11-02 06:00,21.969999,2.22
2025-11-03 06:00,22.030001,2.7
2025-11-04 06:00,21.98,2.28
2025-11-05 06:00,21.940001,2.04
2025-11-06 06:00,21.92,1.92
2025-11-08 06:00,21.93,1.98
2025-11-09 06:00,21.92,1.92
2025-11-10 06:00,21.91,1.86
2025-11-11 06:00,21.9,1.8
2025-11-12 06:00,21.9,1.8
2025-11-13 06:00,21.889999,1.74
2025-11-14 06:00,21.889999,1.74
2025-11-15 06:00,21.889999,1.74
2025-11-16 06:00,21.92,1.92
2025-11-17 06:00,21.98,2.28
2025-11-18 06:00,21.959999,2.16
2025-11-19 06:00,22.01,2.5
2025-12-08 06:00,22.389999,6.3
2025-12-09 06:00,22.34,5.8
2025-12-10 06:00,22.34,5.8
2025-12-11 06:00,22.299999,5.4
2025-12-12 06:00,22.280001,5.2
2025-12-13 06:00,22.4,6.4
2025-12-14 06:00,23.18,20.98
2025-12-15 06:00,23.67,34.360001
2025-12-16 06:00,23.559999,31.280001
2025-12-21 06:00,22.74,11.86
2025-12-22 06:00,22.629999,9.77
2025-12-23 06:00,22.540001,8.36
2025-12-24 06:00,22.450001,7.1
2025-12-25 06:00,22.4,6.4
2025-12-26 06:00,22.32,5.6
2025-12-27 06:00,22.709999,11.29
2025-12-29 06:00,22.540001,8.36
2025-12-31 06:00,22.370001,6.1
2026-01-01 06:00,22.309999,5.5
2026-01-02 06:00,22.27,5.1
2026-01-03 06:00,22.24,4.8
2026-01-04 06:00,22.209999,4.5
2026-01-05 06:00,22.190001,4.3
2026-01-06 06:00,22.15,3.9
2026-01-07 06:00,22.219999,
2026-01-08 06:00,22.540001,8.36
2026-01-09 06:00,22.59,9.06
2026-01-10 06:00,22.370001,6.1
2026-01-11 06:00,22.27,5.1
2026-01-12 06:00,22.219999,4.6
2026-01-13 06:00,22.18,4.2
2026-01-14 06:00,22.16,4.0
2026-01-15 06:00,22.139999,3.8
2026-01-16 06:00,22.129999,3.7
2026-01-17 06:00,22.1,3.4
2026-01-18 06:00,22.08,3.2
2026-01-19 06:00,22.07,3.1
2026-01-20 06:00,22.049999,2.9
2026-01-21 06:00,22.040001,2.8
2026-01-22 06:00,22.030001,2.7
2026-01-23 06:00,22.02,2.6
2026-01-24 06:00,22.02,2.6
2026-01-25 06:00,22.01,2.5
2026-01-26 06:00,22.0,2.4
2026-01-27 06:00,22.0,2.4
2026-01-28 06:00,21.98,2.28
2026-01-29 06:00,21.98,2.28
2026-01-30 06:00,21.959999,2.16
2026-01-31 06:00,21.969999,2.22
2026-02-01 06:00,21.959999,2.16
2026-02-02 06:00,21.959999,2.16
2026-02-03 06:00,21.99,2.34
2026-02-04 06:00,21.98,2.28
2026-02-05 06:00,21.98,2.28
2026-02-06 06:00,21.98,2.28
2026-02-07 06:00,21.98,2.28
2026-02-08 06:00,21.969999,2.22
2026-02-09 06:00,21.969999,2.22
2026-02-10 06:00,21.959999,2.16
2026-02-11 06:00,21.959999,2.16
2026-02-12 06:00,21.99,2.34
2026-02-13 06:00,21.98,2.28
2026-02-14 06:00,21.959999,2.16
2026-02-15 06:00,21.950001,2.1
2026-02-16 06:00,21.950001,2.1
2026-02-17 06:00,21.950001,2.1
2026-02-18 06:00,21.940001,2.04
2026-02-19 06:00,21.940001,2.04
2026-02-20 06:00,21.940001,2.04
2026-02-21 06:00,21.93,1.98
2026-02-22 06:00,21.92,1.92
2026-02-23 06:00,21.92,1.92
2026-02-24 06:00,21.92,1.92
2026-02-25 06:00,21.91,1.86
2026-02-26 06:00,21.91,1.86
2026-02-27 06:00,21.91,1.86
2026-02-28 06:00,21.91,1.86
2026-03-01 06:00,21.9,1.8
2026-03-02 06:00,21.9,1.8
2026-03-03 06:00,21.92,1.92
2026-03-04 06:00,21.92,1.92
2026-03-05 06:00,21.9,1.8
2026-03-06 06:00,21.9,1.8
2026-03-07 06:00,21.889999,1.74
2026-03-08 06:00,21.879999,1.68
2026-03-09 06:00,21.870001,1.62
2026-03-10 06:00,21.85,1.5
2026-03-11 06:00,21.9,1.8
2026-03-12 06:00,21.799999,1.2
2026-03-13 06:00,21.76,1.04
2026-03-14 06:00,21.790001,1.16
2026-03-15 06:00,21.780001,1.12
2026-03-16 06:00,21.77,1.08
2026-03-17 06:00,21.82,1.32
2026-03-18 06:00,21.790001,1.16
2026-03-19 06:00,21.74,0.96
2026-03-20 06:00,21.610001,0.44
2026-03-21 06:00,21.719999,0.88
2026-03-22 06:00,21.82,1.32
2026-03-23 06:00,21.82,1.32
2026-03-24 06:00,21.83,1.38
2026-03-25 06:00,21.83,1.38
2026-03-26 06:00,21.83,1.38
2026-03-27 06:00,21.82,1.32
2026-03-28 06:00,21.83,1.38
2026-03-30 06:00,21.83,1.38
2026-04-02 06:00,21.879999,1.68
2026-04-07 06:00,21.82,1.32
2026-04-08 06:00,21.889999,1.74
2026-04-09 06:00,21.860001,1.56
2026-04-10 06:00,21.9,1.8
2026-04-11 06:00,21.879999,1.68
2026-04-12 06:00,21.860001,1.56
2026-04-13 06:00,21.85,1.5
2026-04-14 06:00,21.85,1.5
2026-04-15 06:00,21.879999,1.68
2026-04-16 06:00,21.889999,1.74
2026-04-17 06:00,21.82,1.32
2026-04-18 06:00,21.74,0.96
2026-04-19 06:00,21.690001,0.76
2026-04-20 06:00,21.66,0.64
2026-04-21 06:00,21.65,0.6
2026-04-22 06:00,21.66,0.64
2026-04-23 06:00,21.66,0.64
2026-04-24 06:00,21.700001,0.8
2026-04-25 06:00,21.82,1.32
2026-04-26 06:00,21.82,1.32
2026-04-27 06:00,21.83,1.38
2026-04-28 06:00,21.84,1.44
2026-04-29 06:00,21.84,1.44
2026-04-30 06:00,21.84,1.44
2026-05-01 06:00,21.82,1.32
2026-05-02 06:00,21.82,1.32
2026-05-03 06:00,21.84,1.44
2026-05-04 06:00,21.85,1.5
2026-05-05 06:00,21.85,1.5
2026-05-06 06:00,21.85,1.5
2026-05-07 06:00,21.860001,1.56
2026-05-08 06:00,21.860001,1.56
2026-05-09 06:00,21.870001,1.62
2026-05-10 06:00,21.889999,1.74
2026-05-11 06:00,21.889999,1.74
2026-05-12 06:00,21.85,1.5
2026-05-14 06:00,22.290001,5.3
2026-05-15 06:00,21.9,1.8
2026-05-16 06:00,21.889999,1.74
2026-05-17 06:00,21.85,1.5
2026-05-18 06:00,21.83,1.38
2026-05-19 06:00,21.85,1.5
2026-05-20 06:00,21.82,1.32
2026-05-21 06:00,22.33,5.7
2026-05-22 06:00,22.01,2.5
2026-05-23 06:00,21.940001,2.04
2026-05-24 06:00,21.91,1.86
2026-05-25 06:00,21.889999,1.74
2026-05-26 06:00,21.879999,1.68
2026-05-27 06:00,21.870001,1.62
2026-05-28 06:00,21.879999,1.68
2026-05-29 06:00,21.870001,1.62
2026-05-30 06:00,21.860001,1.56
2026-05-31 06:00,21.85,1.5
2026-06-01 06:00,21.85,1.5
2026-06-02 06:00,21.860001,1.56
2026-06-04 06:00,21.889999,1.74
2026-06-07 06:00,21.92,1.92
2026-06-08 06:00,21.91,1.86
2026-06-09 06:00,21.9,1.8
2026-06-10 06:00,21.889999,1.74
2026-06-11 06:00,21.889999,1.74
2026-06-12 06:00,21.92,1.92
2026-06-13 06:00,21.93,1.98
2026-06-14 06:00,21.93,1.98
2026-06-15 06:00,21.92,1.92
2026-06-16 06:00,21.889999,1.74
2026-06-17 06:00,21.879999,1.68
2026-06-18 06:00,21.879999,1.68
2026-06-19 06:00,21.969999,2.22
2026-06-20 06:00,21.959999,2.16
2026-06-21 06:00,21.950001,2.1
2026-06-22 06:00,21.91,1.86
2026-06-23 06:00,21.9,1.8
2026-06-24 06:00,21.879999,1.68
2026-06-25 06:00,21.860001,1.56
2026-06-26 06:00,21.85,1.5
2026-06-28 06:00,21.85,1.5
2026-06-29 06:00,21.84,1.44
2026-06-30 06:00,21.85,1.5
2026-07-01 06:00,21.83,1.38
2026-07-02 06:00,21.870001,1.62
2026-07-03 06:00,21.889999,1.74
2026-07-04 06:00,21.860001,1.56
2026-07-06 06:00,21.84,1.44
2026-07-07 06:00,21.84,1.44
2026-07-08 06:00,21.83,1.38
2026-07-09 06:00,21.85,1.5
2026-07-10 06:00,21.85,1.5
2026-07-11 06:00,21.85,1.5
2026-07-12 06:00,21.84,1.44
2026-07-13 06:00,21.82,1.32
2026-07-14 06:00,21.82,1.32
2026-07-15 06:00,21.790001,1.16
2026-07-16 06:00,21.790001,1.16
2026-07-17 06:00,21.610001,0.44
2026-07-18 06:00,21.549999,0.3
2026-07-19 06:00,21.52,0.24
2026-07-20 06:00,21.469999,0.14
2026-07-21 06:00,21.389999,
2026-07-22 06:00,21.34,
2026-07-23 06:00,21.32,
2026-07-24 06:00,21.620001,0.48
2026-07-25 06:00,21.59,0.38
2026-07-27 06:00,21.290001,
2026-07-28 06:00,21.280001,
2026-07-29 06:00,21.27,
2026-07-30 06:00,21.27,
2026-07-31 06:00,21.25,
2026-08-01 06:00,21.280001,
2026-08-02 06:00,21.41,0.02
2026-08-03 06:00,21.450001,0.1
2026-08-04 06:00,21.309999,
2026-08-05 06:00,21.280001,
2026-08-06 06:00,21.290001,
2026-08-07 06:00,21.25,
2026-08-08 06:00,21.24,
2026-08-09 06:00,21.24,
2026-08-10 06:00,21.23,
2026-08-11 06:00,21.23,
2026-08-12 06:00,21.219999,
2026-08-13 06:00,21.219999,
2026-08-14 06:00,21.219999,
2026-08-15 06:00,21.24,
2026-08-16 06:00,21.219999,
2026-08-18 06:00,21.219999,
2026-08-19 06:00,21.219999,
2026-08-20 06:00,21.219999,
2026-08-21 06:00,21.219999,
2026-08-22 06:00,21.219999,
2026-08-23 06:00,21.219999,
2026-08-24 06:00,21.219999,
2026-08-26 06:00,21.219999,
2026-08-27 06:00,21.219999,
2026-08-28 06:00,21.219999,
2026-08-30 06:00,21.26,
2026-08-31 06:00,21.26,
2026-09-01 06:00,21.25,
2026-09-02 06:00,21.27,
2026-09-03 06:00,21.309999,
2026-09-04 06:00,21.370001,
2026-09-05 06:00,21.49,0.18
2026-09-06 06:00,21.370001,
2026-09-07 06:00,21.33,
2026-09-08 06:00,21.309999,
2026-09-09 06:00,21.25,
2026-09-10 06:00,21.27,
2026-09-11 06:00,21.440001,0.08
2026-09-12 06:00,21.790001,1.16
2026-09-13 06:00,21.700001,0.8
2026-09-14 06:00,21.620001,0.48
2026-09-15 06:00,21.58,0.36
2026-09-16 06:00,21.540001,0.28
2026-09-17 06:00,21.49,0.18
2026-09-18 06:00,21.49,0.18
2026-09-19 06:00,21.620001,0.48
2026-09-20 06:00,21.68,0.72
2026-09-21 06:00,21.809999,1.26
2026-09-22 06:00,21.799999,1.2
2026-09-23 06:00,21.77,1.08
2026-09-24 06:00,21.77,1.08
2026-09-25 06:00,22.040001,2.8
2026-09-29 06:00,21.84,1.44
2026-10-01 06:00,21.9,1.8
2026-10-02 06:00,21.92,1.92
2026-10-03 06:00,21.98,2.28
2026-10-04 06:00,21.940001,2.04
2026-10-05 06:00,21.92,1.92
2026-10-06 06:00,21.91,1.86
2026-10-07 06:00,21.959999,2.16
2026-10-08 06:00,21.93,1.98
2026-10-09 06:00,21.93,1.98
